﻿<?xml version="1.0" encoding="utf-8"?>
<ArrayOfSort xmlns:xsi="http://www.w3.org/2001/XMLSchema-instance" xmlns:xsd="http://www.w3.org/2001/XMLSchema">
  <Sort>
    <Title>新闻论坛</Title>
    <Domain>bbs.news.qq.com</Domain>
    <SubSort>
      <SubSort>
        <Title>实话实说</Title>
        <Domain>1001024024</Domain>
      </SubSort>
      <SubSort>
        <Title>社会图鉴</Title>
        <Domain>1001024026</Domain>
      </SubSort>
      <SubSort>
        <Title>思想有家</Title>
        <Domain>1001027149</Domain>
      </SubSort>
      <SubSort>
        <Title>民生日记</Title>
        <Domain>1001025770</Domain>
      </SubSort>
      <SubSort>
        <Title>真我风采</Title>
        <Domain>1001350760</Domain>
      </SubSort>
      <SubSort>
        <Title>国际纵横</Title>
        <Domain>1000087807</Domain>
      </SubSort>
      <SubSort>
        <Title>军迷掌兵</Title>
        <Domain>1000090417</Domain>
      </SubSort>
      <SubSort>
        <Title>健康生活</Title>
        <Domain>1001252052</Domain>
      </SubSort>
      <SubSort>
        <Title>捧腹休闲</Title>
        <Domain>1001057838</Domain>
      </SubSort>
      <SubSort>
        <Title>旅游美食</Title>
        <Domain>1001300083</Domain>
      </SubSort>
      <SubSort>
        <Title>情感天地</Title>
        <Domain>1001338980</Domain>
      </SubSort>
      <SubSort>
        <Title>爱心家园</Title>
        <Domain>1001057858</Domain>
      </SubSort>
      <SubSort>
        <Title>原创力量</Title>
        <Domain>1001024027</Domain>
      </SubSort>
      <SubSort>
        <Title>中国人的一天</Title>
        <Domain>1001227371</Domain>
      </SubSort>
      <SubSort>
        <Title>在他乡</Title>
        <Domain>1001227372</Domain>
      </SubSort>
      <SubSort>
        <Title>自然大学</Title>
        <Domain>1001346081</Domain>
      </SubSort>
      <SubSort>
        <Title>绿色摄影</Title>
        <Domain>1001346080</Domain>
      </SubSort>
      <SubSort>
        <Title>绿色曝光</Title>
        <Domain>1001346079</Domain>
      </SubSort>
      <SubSort>
        <Title>绿色沙龙</Title>
        <Domain>1001346077</Domain>
      </SubSort>
      <SubSort>
        <Title>论坛公告</Title>
        <Domain>1001350762</Domain>
      </SubSort>
      <SubSort>
        <Title>建议申请</Title>
        <Domain>1001338986</Domain>
      </SubSort>
    </SubSort>
  </Sort>
  <Sort>
    <Title>娱乐论坛</Title>
    <Domain>bbs.ent.qq.com</Domain>
    <SubSort>
      <SubSort>
        <Title>八卦爆料</Title>
        <Domain>1000204465</Domain>
      </SubSort>
      <SubSort>
        <Title>娱乐贴图</Title>
        <Domain>1001177737</Domain>
      </SubSort>
      <SubSort>
        <Title>明星论坛</Title>
        <Domain>1001338600</Domain>
      </SubSort>
      <SubSort>
        <Title>茶余饭后</Title>
        <Domain>1001338601</Domain>
      </SubSort>
      <SubSort>
        <Title>花儿朵朵</Title>
        <Domain>1001268378</Domain>
      </SubSort>
      <SubSort>
        <Title>快乐男声</Title>
        <Domain>1001268376</Domain>
      </SubSort>
      <SubSort>
        <Title>综艺节目</Title>
        <Domain>1001338679</Domain>
      </SubSort>
      <SubSort>
        <Title>日风韩流</Title>
        <Domain>1000004129</Domain>
      </SubSort>
      <SubSort>
        <Title>TVB论坛</Title>
        <Domain>1001261496</Domain>
      </SubSort>
      <SubSort>
        <Title>电影论坛</Title>
        <Domain>1000004128</Domain>
      </SubSort>
      <SubSort>
        <Title>Q坛版杀</Title>
        <Domain>1001422545</Domain>
      </SubSort>
      <SubSort>
        <Title>电视论坛</Title>
        <Domain>1000005473</Domain>
      </SubSort>
      <SubSort>
        <Title>青春偶像剧</Title>
        <Domain>1000004130</Domain>
      </SubSort>
      <SubSort>
        <Title>影院联盟</Title>
        <Domain>1000001957</Domain>
      </SubSort>
      <SubSort>
        <Title>娱乐乐翻天</Title>
        <Domain>1001422540</Domain>
      </SubSort>
      <SubSort>
        <Title>在线视听</Title>
        <Domain>1001338615</Domain>
      </SubSort>
      <SubSort>
        <Title>音乐公社</Title>
        <Domain>1000004146</Domain>
      </SubSort>
      <SubSort>
        <Title>演出信息</Title>
        <Domain>1001024158</Domain>
      </SubSort>
      <SubSort>
        <Title>论坛公告</Title>
        <Domain>1001027082</Domain>
      </SubSort>
      <SubSort>
        <Title>论坛活动</Title>
        <Domain>1001422552</Domain>
      </SubSort>
      <SubSort>
        <Title>意见反馈</Title>
        <Domain>1001422543</Domain>
      </SubSort>
    </SubSort>
  </Sort>
  <Sort>
    <Title>汽车论坛</Title>
    <Domain>club.auto.qq.com</Domain>
    <SubSort>
      <SubSort>
        <Title>侃车天地</Title>
        <Domain>16</Domain>
      </SubSort>
      <SubSort>
        <Title>美女车模</Title>
        <Domain>5</Domain>
      </SubSort>
      <SubSort>
        <Title>自驾游</Title>
        <Domain>10</Domain>
      </SubSort>
      <SubSort>
        <Title>改装与四驱</Title>
        <Domain>11</Domain>
      </SubSort>
      <SubSort>
        <Title>摄影爱好</Title>
        <Domain>9</Domain>
      </SubSort>
      <SubSort>
        <Title>维修问答</Title>
        <Domain>7</Domain>
      </SubSort>
      <SubSort>
        <Title>养护知识</Title>
        <Domain>13</Domain>
      </SubSort>
      <SubSort>
        <Title>汽车模型</Title>
        <Domain>237</Domain>
      </SubSort>
      <SubSort>
        <Title>曝光台</Title>
        <Domain>14</Domain>
      </SubSort>
      <SubSort>
        <Title>草根试车团</Title>
        <Domain>245</Domain>
      </SubSort>
      <SubSort>
        <Title>越野兵团</Title>
        <Domain>253</Domain>
      </SubSort>
      <SubSort>
        <Title>华北车友会</Title>
        <Domain>17</Domain>
      </SubSort>
      <SubSort>
        <Title>北京</Title>
        <Domain>45</Domain>
      </SubSort>
      <SubSort>
        <Title>山西</Title>
        <Domain>47</Domain>
      </SubSort>
      <SubSort>
        <Title>山东</Title>
        <Domain>48</Domain>
      </SubSort>
      <SubSort>
        <Title>河北</Title>
        <Domain>52</Domain>
      </SubSort>
      <SubSort>
        <Title>天津</Title>
        <Domain>53</Domain>
      </SubSort>
      <SubSort>
        <Title>内蒙古</Title>
        <Domain>259</Domain>
      </SubSort>
      <SubSort>
        <Title>华东车友会</Title>
        <Domain>19</Domain>
      </SubSort>
      <SubSort>
        <Title>上海</Title>
        <Domain>33</Domain>
      </SubSort>
      <SubSort>
        <Title>浙江</Title>
        <Domain>41</Domain>
      </SubSort>
      <SubSort>
        <Title>江苏</Title>
        <Domain>43</Domain>
      </SubSort>
      <SubSort>
        <Title>华中车友会</Title>
        <Domain>21</Domain>
      </SubSort>
      <SubSort>
        <Title>湖南</Title>
        <Domain>59</Domain>
      </SubSort>
      <SubSort>
        <Title>湖北</Title>
        <Domain>60</Domain>
      </SubSort>
      <SubSort>
        <Title>河南</Title>
        <Domain>61</Domain>
      </SubSort>
      <SubSort>
        <Title>安徽</Title>
        <Domain>62</Domain>
      </SubSort>
      <SubSort>
        <Title>华南车友会</Title>
        <Domain>23</Domain>
      </SubSort>
      <SubSort>
        <Title>广东</Title>
        <Domain>64</Domain>
      </SubSort>
      <SubSort>
        <Title>福建</Title>
        <Domain>65</Domain>
      </SubSort>
      <SubSort>
        <Title>深圳</Title>
        <Domain>66</Domain>
      </SubSort>
      <SubSort>
        <Title>广西</Title>
        <Domain>257</Domain>
      </SubSort>
      <SubSort>
        <Title>东北车友会</Title>
        <Domain>25</Domain>
      </SubSort>
      <SubSort>
        <Title>吉林</Title>
        <Domain>69</Domain>
      </SubSort>
      <SubSort>
        <Title>辽宁</Title>
        <Domain>70</Domain>
      </SubSort>
      <SubSort>
        <Title>黑龙江</Title>
        <Domain>255</Domain>
      </SubSort>
      <SubSort>
        <Title>西北车友会</Title>
        <Domain>27</Domain>
      </SubSort>
      <SubSort>
        <Title>陕西</Title>
        <Domain>71</Domain>
      </SubSort>
      <SubSort>
        <Title>甘肃</Title>
        <Domain>260</Domain>
      </SubSort>
      <SubSort>
        <Title>西南车友会</Title>
        <Domain>28</Domain>
      </SubSort>
      <SubSort>
        <Title>四川</Title>
        <Domain>73</Domain>
      </SubSort>
      <SubSort>
        <Title>重庆</Title>
        <Domain>74</Domain>
      </SubSort>
      <SubSort>
        <Title>贵州</Title>
        <Domain>258</Domain>
      </SubSort>
      <SubSort>
        <Title>宝马</Title>
        <Domain>6</Domain>
      </SubSort>
      <SubSort>
        <Title>宝马X系</Title>
        <Domain>8</Domain>
      </SubSort>
      <SubSort>
        <Title>宝马5系</Title>
        <Domain>12</Domain>
      </SubSort>
      <SubSort>
        <Title>MINI</Title>
        <Domain>15</Domain>
      </SubSort>
      <SubSort>
        <Title>比亚迪</Title>
        <Domain>18</Domain>
      </SubSort>
      <SubSort>
        <Title>F3</Title>
        <Domain>20</Domain>
      </SubSort>
      <SubSort>
        <Title>F0</Title>
        <Domain>22</Domain>
      </SubSort>
      <SubSort>
        <Title>奔驰</Title>
        <Domain>24</Domain>
      </SubSort>
      <SubSort>
        <Title>奔驰E级</Title>
        <Domain>26</Domain>
      </SubSort>
      <SubSort>
        <Title>奔驰-戴克</Title>
        <Domain>29</Domain>
      </SubSort>
      <SubSort>
        <Title>铂锐</Title>
        <Domain>31</Domain>
      </SubSort>
      <SubSort>
        <Title>克莱斯勒 300C</Title>
        <Domain>32</Domain>
      </SubSort>
      <SubSort>
        <Title>欧蓝德</Title>
        <Domain>34</Domain>
      </SubSort>
      <SubSort>
        <Title>北京现代</Title>
        <Domain>35</Domain>
      </SubSort>
      <SubSort>
        <Title>瑞纳</Title>
        <Domain>36</Domain>
      </SubSort>
      <SubSort>
        <Title>ix35</Title>
        <Domain>37</Domain>
      </SubSort>
      <SubSort>
        <Title>悦动</Title>
        <Domain>38</Domain>
      </SubSort>
      <SubSort>
        <Title>索纳塔</Title>
        <Domain>39</Domain>
      </SubSort>
      <SubSort>
        <Title>途胜</Title>
        <Domain>40</Domain>
      </SubSort>
      <SubSort>
        <Title>i30</Title>
        <Domain>42</Domain>
      </SubSort>
      <SubSort>
        <Title>雅绅特</Title>
        <Domain>44</Domain>
      </SubSort>
      <SubSort>
        <Title>长安汽车</Title>
        <Domain>46</Domain>
      </SubSort>
      <SubSort>
        <Title>奔奔</Title>
        <Domain>49</Domain>
      </SubSort>
      <SubSort>
        <Title>悦翔</Title>
        <Domain>50</Domain>
      </SubSort>
      <SubSort>
        <Title>志翔</Title>
        <Domain>51</Domain>
      </SubSort>
      <SubSort>
        <Title>长城汽车</Title>
        <Domain>54</Domain>
      </SubSort>
      <SubSort>
        <Title>凌傲</Title>
        <Domain>55</Domain>
      </SubSort>
      <SubSort>
        <Title>哈弗</Title>
        <Domain>56</Domain>
      </SubSort>
      <SubSort>
        <Title>哈弗 M2</Title>
        <Domain>57</Domain>
      </SubSort>
      <SubSort>
        <Title>精灵</Title>
        <Domain>58</Domain>
      </SubSort>
      <SubSort>
        <Title>炫丽</Title>
        <Domain>63</Domain>
      </SubSort>
      <SubSort>
        <Title>酷熊</Title>
        <Domain>67</Domain>
      </SubSort>
      <SubSort>
        <Title>长安铃木</Title>
        <Domain>68</Domain>
      </SubSort>
      <SubSort>
        <Title>天语 SX4</Title>
        <Domain>75</Domain>
      </SubSort>
      <SubSort>
        <Title>雨燕</Title>
        <Domain>76</Domain>
      </SubSort>
      <SubSort>
        <Title>奥拓</Title>
        <Domain>77</Domain>
      </SubSort>
      <SubSort>
        <Title>羚羊</Title>
        <Domain>78</Domain>
      </SubSort>
      <SubSort>
        <Title>长安马自达</Title>
        <Domain>79</Domain>
      </SubSort>
      <SubSort>
        <Title>马自达2</Title>
        <Domain>80</Domain>
      </SubSort>
      <SubSort>
        <Title>马自达3</Title>
        <Domain>81</Domain>
      </SubSort>
      <SubSort>
        <Title>长安福特</Title>
        <Domain>82</Domain>
      </SubSort>
      <SubSort>
        <Title>嘉年华</Title>
        <Domain>93</Domain>
      </SubSort>
      <SubSort>
        <Title>蒙迪欧</Title>
        <Domain>94</Domain>
      </SubSort>
      <SubSort>
        <Title>福克斯</Title>
        <Domain>95</Domain>
      </SubSort>
      <SubSort>
        <Title>S-MAX</Title>
        <Domain>96</Domain>
      </SubSort>
      <SubSort>
        <Title>东风本田</Title>
        <Domain>83</Domain>
      </SubSort>
      <SubSort>
        <Title>思域</Title>
        <Domain>137</Domain>
      </SubSort>
      <SubSort>
        <Title>本田CRV</Title>
        <Domain>138</Domain>
      </SubSort>
      <SubSort>
        <Title>思铭</Title>
        <Domain>264</Domain>
      </SubSort>
      <SubSort>
        <Title>东风标致</Title>
        <Domain>84</Domain>
      </SubSort>
      <SubSort>
        <Title>标致206</Title>
        <Domain>132</Domain>
      </SubSort>
      <SubSort>
        <Title>标致207</Title>
        <Domain>133</Domain>
      </SubSort>
      <SubSort>
        <Title>标致307</Title>
        <Domain>134</Domain>
      </SubSort>
      <SubSort>
        <Title>标致408</Title>
        <Domain>135</Domain>
      </SubSort>
      <SubSort>
        <Title>标致3008</Title>
        <Domain>136</Domain>
      </SubSort>
      <SubSort>
        <Title>东风日产</Title>
        <Domain>85</Domain>
      </SubSort>
      <SubSort>
        <Title>天籁</Title>
        <Domain>125</Domain>
      </SubSort>
      <SubSort>
        <Title>骐达</Title>
        <Domain>126</Domain>
      </SubSort>
      <SubSort>
        <Title>轩逸</Title>
        <Domain>127</Domain>
      </SubSort>
      <SubSort>
        <Title>骊威</Title>
        <Domain>128</Domain>
      </SubSort>
      <SubSort>
        <Title>逍客</Title>
        <Domain>129</Domain>
      </SubSort>
      <SubSort>
        <Title>奇骏</Title>
        <Domain>130</Domain>
      </SubSort>
      <SubSort>
        <Title>新阳光</Title>
        <Domain>131</Domain>
      </SubSort>
      <SubSort>
        <Title>东风悦达起亚</Title>
        <Domain>86</Domain>
      </SubSort>
      <SubSort>
        <Title>秀尔-soul</Title>
        <Domain>120</Domain>
      </SubSort>
      <SubSort>
        <Title>赛拉图</Title>
        <Domain>121</Domain>
      </SubSort>
      <SubSort>
        <Title>狮跑</Title>
        <Domain>122</Domain>
      </SubSort>
      <SubSort>
        <Title>福瑞迪</Title>
        <Domain>123</Domain>
      </SubSort>
      <SubSort>
        <Title>锐欧</Title>
        <Domain>124</Domain>
      </SubSort>
      <SubSort>
        <Title>东南汽车</Title>
        <Domain>87</Domain>
      </SubSort>
      <SubSort>
        <Title>菱帅</Title>
        <Domain>97</Domain>
      </SubSort>
      <SubSort>
        <Title>V3菱悦</Title>
        <Domain>98</Domain>
      </SubSort>
      <SubSort>
        <Title>东风雪铁龙</Title>
        <Domain>88</Domain>
      </SubSort>
      <SubSort>
        <Title>毕加索</Title>
        <Domain>99</Domain>
      </SubSort>
      <SubSort>
        <Title>富康</Title>
        <Domain>100</Domain>
      </SubSort>
      <SubSort>
        <Title>凯旋</Title>
        <Domain>101</Domain>
      </SubSort>
      <SubSort>
        <Title>C2</Title>
        <Domain>102</Domain>
      </SubSort>
      <SubSort>
        <Title>爱丽舍</Title>
        <Domain>103</Domain>
      </SubSort>
      <SubSort>
        <Title>世嘉</Title>
        <Domain>104</Domain>
      </SubSort>
      <SubSort>
        <Title>C5</Title>
        <Domain>105</Domain>
      </SubSort>
      <SubSort>
        <Title>广汽丰田</Title>
        <Domain>89</Domain>
      </SubSort>
      <SubSort>
        <Title>汉兰达</Title>
        <Domain>106</Domain>
      </SubSort>
      <SubSort>
        <Title>雅力士</Title>
        <Domain>107</Domain>
      </SubSort>
      <SubSort>
        <Title>凯美瑞</Title>
        <Domain>108</Domain>
      </SubSort>
      <SubSort>
        <Title>广汽本田</Title>
        <Domain>90</Domain>
      </SubSort>
      <SubSort>
        <Title>飞度</Title>
        <Domain>109</Domain>
      </SubSort>
      <SubSort>
        <Title>雅阁</Title>
        <Domain>110</Domain>
      </SubSort>
      <SubSort>
        <Title>华晨汽车</Title>
        <Domain>91</Domain>
      </SubSort>
      <SubSort>
        <Title>酷宝</Title>
        <Domain>111</Domain>
      </SubSort>
      <SubSort>
        <Title>尊驰</Title>
        <Domain>112</Domain>
      </SubSort>
      <SubSort>
        <Title>骏捷</Title>
        <Domain>113</Domain>
      </SubSort>
      <SubSort>
        <Title>江淮汽车</Title>
        <Domain>92</Domain>
      </SubSort>
      <SubSort>
        <Title>愿景</Title>
        <Domain>114</Domain>
      </SubSort>
      <SubSort>
        <Title>瑞风</Title>
        <Domain>115</Domain>
      </SubSort>
      <SubSort>
        <Title>宾悦</Title>
        <Domain>116</Domain>
      </SubSort>
      <SubSort>
        <Title>和悦</Title>
        <Domain>117</Domain>
      </SubSort>
      <SubSort>
        <Title>同悦</Title>
        <Domain>118</Domain>
      </SubSort>
      <SubSort>
        <Title>瑞鹰</Title>
        <Domain>119</Domain>
      </SubSort>
      <SubSort>
        <Title>进口大众</Title>
        <Domain>139</Domain>
      </SubSort>
      <SubSort>
        <Title>甲壳虫</Title>
        <Domain>149</Domain>
      </SubSort>
      <SubSort>
        <Title>吉利汽车</Title>
        <Domain>140</Domain>
      </SubSort>
      <SubSort>
        <Title>美人豹</Title>
        <Domain>150</Domain>
      </SubSort>
      <SubSort>
        <Title>豪情</Title>
        <Domain>151</Domain>
      </SubSort>
      <SubSort>
        <Title>优利欧</Title>
        <Domain>153</Domain>
      </SubSort>
      <SubSort>
        <Title>自由舰</Title>
        <Domain>154</Domain>
      </SubSort>
      <SubSort>
        <Title>美日</Title>
        <Domain>238</Domain>
      </SubSort>
      <SubSort>
        <Title>帝豪</Title>
        <Domain>263</Domain>
      </SubSort>
      <SubSort>
        <Title>凯迪拉克</Title>
        <Domain>141</Domain>
      </SubSort>
      <SubSort>
        <Title>雷诺</Title>
        <Domain>142</Domain>
      </SubSort>
      <SubSort>
        <Title>菲亚特</Title>
        <Domain>143</Domain>
      </SubSort>
      <SubSort>
        <Title>派力奥</Title>
        <Domain>157</Domain>
      </SubSort>
      <SubSort>
        <Title>奇瑞汽车</Title>
        <Domain>144</Domain>
      </SubSort>
      <SubSort>
        <Title>五娃</Title>
        <Domain>158</Domain>
      </SubSort>
      <SubSort>
        <Title>瑞虎</Title>
        <Domain>159</Domain>
      </SubSort>
      <SubSort>
        <Title>旗云</Title>
        <Domain>160</Domain>
      </SubSort>
      <SubSort>
        <Title>奇瑞QQ</Title>
        <Domain>161</Domain>
      </SubSort>
      <SubSort>
        <Title>奇瑞A5</Title>
        <Domain>162</Domain>
      </SubSort>
      <SubSort>
        <Title>奇瑞A3</Title>
        <Domain>163</Domain>
      </SubSort>
      <SubSort>
        <Title>奇瑞A1</Title>
        <Domain>164</Domain>
      </SubSort>
      <SubSort>
        <Title>风云</Title>
        <Domain>165</Domain>
      </SubSort>
      <SubSort>
        <Title>东方之子</Title>
        <Domain>166</Domain>
      </SubSort>
      <SubSort>
        <Title>上海大众斯柯达</Title>
        <Domain>145</Domain>
      </SubSort>
      <SubSort>
        <Title>昊锐</Title>
        <Domain>177</Domain>
      </SubSort>
      <SubSort>
        <Title>明锐</Title>
        <Domain>178</Domain>
      </SubSort>
      <SubSort>
        <Title>晶锐</Title>
        <Domain>179</Domain>
      </SubSort>
      <SubSort>
        <Title>上海大众</Title>
        <Domain>146</Domain>
      </SubSort>
      <SubSort>
        <Title>桑塔纳</Title>
        <Domain>170</Domain>
      </SubSort>
      <SubSort>
        <Title>帕萨特</Title>
        <Domain>171</Domain>
      </SubSort>
      <SubSort>
        <Title>途观(Tiguan)</Title>
        <Domain>172</Domain>
      </SubSort>
      <SubSort>
        <Title>Polo</Title>
        <Domain>173</Domain>
      </SubSort>
      <SubSort>
        <Title>途安</Title>
        <Domain>174</Domain>
      </SubSort>
      <SubSort>
        <Title>高尔</Title>
        <Domain>175</Domain>
      </SubSort>
      <SubSort>
        <Title>朗逸</Title>
        <Domain>176</Domain>
      </SubSort>
      <SubSort>
        <Title>上海通用别克</Title>
        <Domain>147</Domain>
      </SubSort>
      <SubSort>
        <Title>GL8</Title>
        <Domain>167</Domain>
      </SubSort>
      <SubSort>
        <Title>凯越</Title>
        <Domain>168</Domain>
      </SubSort>
      <SubSort>
        <Title>君越</Title>
        <Domain>169</Domain>
      </SubSort>
      <SubSort>
        <Title>上海通用雪佛兰</Title>
        <Domain>148</Domain>
      </SubSort>
      <SubSort>
        <Title>SPARK斯帕可</Title>
        <Domain>180</Domain>
      </SubSort>
      <SubSort>
        <Title>赛欧</Title>
        <Domain>181</Domain>
      </SubSort>
      <SubSort>
        <Title>景程</Title>
        <Domain>182</Domain>
      </SubSort>
      <SubSort>
        <Title>乐骋</Title>
        <Domain>183</Domain>
      </SubSort>
      <SubSort>
        <Title>乐风</Title>
        <Domain>184</Domain>
      </SubSort>
      <SubSort>
        <Title>科鲁兹</Title>
        <Domain>185</Domain>
      </SubSort>
      <SubSort>
        <Title>迈锐宝</Title>
        <Domain>269</Domain>
      </SubSort>
      <SubSort>
        <Title>上汽荣威</Title>
        <Domain>186</Domain>
      </SubSort>
      <SubSort>
        <Title>荣威750</Title>
        <Domain>207</Domain>
      </SubSort>
      <SubSort>
        <Title>荣威550</Title>
        <Domain>208</Domain>
      </SubSort>
      <SubSort>
        <Title>上汽MG</Title>
        <Domain>187</Domain>
      </SubSort>
      <SubSort>
        <Title>MG3</Title>
        <Domain>204</Domain>
      </SubSort>
      <SubSort>
        <Title>MG7</Title>
        <Domain>205</Domain>
      </SubSort>
      <SubSort>
        <Title> MG5</Title>
        <Domain>206</Domain>
      </SubSort>
      <SubSort>
        <Title>天津一汽</Title>
        <Domain>188</Domain>
      </SubSort>
      <SubSort>
        <Title>威乐</Title>
        <Domain>199</Domain>
      </SubSort>
      <SubSort>
        <Title>威姿</Title>
        <Domain>200</Domain>
      </SubSort>
      <SubSort>
        <Title>夏利</Title>
        <Domain>201</Domain>
      </SubSort>
      <SubSort>
        <Title>威志</Title>
        <Domain>202</Domain>
      </SubSort>
      <SubSort>
        <Title>幸福使者</Title>
        <Domain>203</Domain>
      </SubSort>
      <SubSort>
        <Title>一汽奥迪</Title>
        <Domain>189</Domain>
      </SubSort>
      <SubSort>
        <Title>R8</Title>
        <Domain>192</Domain>
      </SubSort>
      <SubSort>
        <Title>Q7</Title>
        <Domain>193</Domain>
      </SubSort>
      <SubSort>
        <Title>A6</Title>
        <Domain>194</Domain>
      </SubSort>
      <SubSort>
        <Title>TT</Title>
        <Domain>195</Domain>
      </SubSort>
      <SubSort>
        <Title>A4L</Title>
        <Domain>196</Domain>
      </SubSort>
      <SubSort>
        <Title>A3</Title>
        <Domain>197</Domain>
      </SubSort>
      <SubSort>
        <Title>Q5</Title>
        <Domain>198</Domain>
      </SubSort>
      <SubSort>
        <Title>一汽奔腾</Title>
        <Domain>190</Domain>
      </SubSort>
      <SubSort>
        <Title>奔腾B70</Title>
        <Domain>214</Domain>
      </SubSort>
      <SubSort>
        <Title>奔腾B50</Title>
        <Domain>215</Domain>
      </SubSort>
      <SubSort>
        <Title>欧朗</Title>
        <Domain>267</Domain>
      </SubSort>
      <SubSort>
        <Title>一汽海马</Title>
        <Domain>191</Domain>
      </SubSort>
      <SubSort>
        <Title>普力马</Title>
        <Domain>209</Domain>
      </SubSort>
      <SubSort>
        <Title>海马3</Title>
        <Domain>210</Domain>
      </SubSort>
      <SubSort>
        <Title>海福星</Title>
        <Domain>211</Domain>
      </SubSort>
      <SubSort>
        <Title>欢动</Title>
        <Domain>212</Domain>
      </SubSort>
      <SubSort>
        <Title>福美来</Title>
        <Domain>213</Domain>
      </SubSort>
      <SubSort>
        <Title>一汽马自达</Title>
        <Domain>216</Domain>
      </SubSort>
      <SubSort>
        <Title>马自达5</Title>
        <Domain>234</Domain>
      </SubSort>
      <SubSort>
        <Title>马自达6</Title>
        <Domain>235</Domain>
      </SubSort>
      <SubSort>
        <Title>睿翼</Title>
        <Domain>236</Domain>
      </SubSort>
      <SubSort>
        <Title>一汽大众</Title>
        <Domain>217</Domain>
      </SubSort>
      <SubSort>
        <Title>高尔夫6(GTI)</Title>
        <Domain>228</Domain>
      </SubSort>
      <SubSort>
        <Title>迈腾</Title>
        <Domain>229</Domain>
      </SubSort>
      <SubSort>
        <Title>速腾</Title>
        <Domain>230</Domain>
      </SubSort>
      <SubSort>
        <Title>宝来</Title>
        <Domain>231</Domain>
      </SubSort>
      <SubSort>
        <Title>捷达</Title>
        <Domain>232</Domain>
      </SubSort>
      <SubSort>
        <Title>大众cc</Title>
        <Domain>233</Domain>
      </SubSort>
      <SubSort>
        <Title>一汽丰田</Title>
        <Domain>218</Domain>
      </SubSort>
      <SubSort>
        <Title>RAV4</Title>
        <Domain>221</Domain>
      </SubSort>
      <SubSort>
        <Title>Venza</Title>
        <Domain>222</Domain>
      </SubSort>
      <SubSort>
        <Title>普拉多</Title>
        <Domain>223</Domain>
      </SubSort>
      <SubSort>
        <Title>卡罗拉</Title>
        <Domain>224</Domain>
      </SubSort>
      <SubSort>
        <Title>威驰</Title>
        <Domain>225</Domain>
      </SubSort>
      <SubSort>
        <Title>锐志</Title>
        <Domain>226</Domain>
      </SubSort>
      <SubSort>
        <Title>皇冠</Title>
        <Domain>227</Domain>
      </SubSort>
      <SubSort>
        <Title>一汽轿车</Title>
        <Domain>219</Domain>
      </SubSort>
      <SubSort>
        <Title>红旗</Title>
        <Domain>220</Domain>
      </SubSort>
      <SubSort>
        <Title>广汽</Title>
        <Domain>246</Domain>
      </SubSort>
      <SubSort>
        <Title>传祺</Title>
        <Domain>247</Domain>
      </SubSort>
      <SubSort>
        <Title>英伦汽车</Title>
        <Domain>248</Domain>
      </SubSort>
      <SubSort>
        <Title>金鹰Cross</Title>
        <Domain>152</Domain>
      </SubSort>
      <SubSort>
        <Title>金刚</Title>
        <Domain>155</Domain>
      </SubSort>
      <SubSort>
        <Title>金刚2代</Title>
        <Domain>249</Domain>
      </SubSort>
      <SubSort>
        <Title>TX4</Title>
        <Domain>250</Domain>
      </SubSort>
      <SubSort>
        <Title>SC7(海景)</Title>
        <Domain>251</Domain>
      </SubSort>
      <SubSort>
        <Title>SC5-RV</Title>
        <Domain>252</Domain>
      </SubSort>
      <SubSort>
        <Title>昌河铃木</Title>
        <Domain>262</Domain>
      </SubSort>
      <SubSort>
        <Title>Splash</Title>
        <Domain>72</Domain>
      </SubSort>
      <SubSort>
        <Title>北京汽车</Title>
        <Domain>265</Domain>
      </SubSort>
      <SubSort>
        <Title>E系列</Title>
        <Domain>266</Domain>
      </SubSort>
    </SubSort>
  </Sort>
  <Sort>
    <Title>女性论坛</Title>
    <Domain>bbs.lady.qq.com</Domain>
    <SubSort>
      <SubSort>
        <Title>美容化妆</Title>
        <Domain>1001023923</Domain>
      </SubSort>
      <SubSort>
        <Title>服饰搭配</Title>
        <Domain>1000004347</Domain>
      </SubSort>
      <SubSort>
        <Title>品牌购物</Title>
        <Domain>1001258667</Domain>
      </SubSort>
      <SubSort>
        <Title>时尚达人会</Title>
        <Domain>1000088039</Domain>
      </SubSort>
      <SubSort>
        <Title>瘦身减肥</Title>
        <Domain>1000004349</Domain>
      </SubSort>
      <SubSort>
        <Title>养眼贴图</Title>
        <Domain>1000088044</Domain>
      </SubSort>
      <SubSort>
        <Title>美丽的梦</Title>
        <Domain>1000088038</Domain>
      </SubSort>
      <SubSort>
        <Title>绝对蜜秘</Title>
        <Domain>1001026944</Domain>
      </SubSort>
      <SubSort>
        <Title>美发护发</Title>
        <Domain>1000004348</Domain>
      </SubSort>
      <SubSort>
        <Title>和风韩潮</Title>
        <Domain>1000088053</Domain>
      </SubSort>
      <SubSort>
        <Title>新娘手册</Title>
        <Domain>1000004361</Domain>
      </SubSort>
      <SubSort>
        <Title>时尚杂志</Title>
        <Domain>1000088040</Domain>
      </SubSort>
      <SubSort>
        <Title>高端访谈</Title>
        <Domain>1000088041</Domain>
      </SubSort>
      <SubSort>
        <Title>女人说吧</Title>
        <Domain>1001026945</Domain>
      </SubSort>
      <SubSort>
        <Title>小资酒吧</Title>
        <Domain>1000088051</Domain>
      </SubSort>
      <SubSort>
        <Title>版主交流</Title>
        <Domain>1000088049</Domain>
      </SubSort>
      <SubSort>
        <Title>自拍这里秀</Title>
        <Domain>1000090275</Domain>
      </SubSort>
      <SubSort>
        <Title>我为大牌狂</Title>
        <Domain>1001024059</Domain>
      </SubSort>
      <SubSort>
        <Title>激情旅游</Title>
        <Domain>1001026957</Domain>
      </SubSort>
      <SubSort>
        <Title>天下美食</Title>
        <Domain>1000088043</Domain>
      </SubSort>
      <SubSort>
        <Title>家居装饰</Title>
        <Domain>1001026955</Domain>
      </SubSort>
      <SubSort>
        <Title>健康世界</Title>
        <Domain>1000088045</Domain>
      </SubSort>
      <SubSort>
        <Title>都市夜生活</Title>
        <Domain>1000088099</Domain>
      </SubSort>
      <SubSort>
        <Title>宠物乐园</Title>
        <Domain>1001026956</Domain>
      </SubSort>
      <SubSort>
        <Title>妇科保养</Title>
        <Domain>1000088096</Domain>
      </SubSort>
      <SubSort>
        <Title>互动问答</Title>
        <Domain>1000088097</Domain>
      </SubSort>
      <SubSort>
        <Title>版主交流</Title>
        <Domain>1000088106</Domain>
      </SubSort>
      <SubSort>
        <Title>情感天地</Title>
        <Domain>1000090297</Domain>
      </SubSort>
      <SubSort>
        <Title>生于80年代</Title>
        <Domain>1000090285</Domain>
      </SubSort>
      <SubSort>
        <Title>职场生活</Title>
        <Domain>1000090305</Domain>
      </SubSort>
      <SubSort>
        <Title>五十相聚</Title>
        <Domain>1000090289</Domain>
      </SubSort>
      <SubSort>
        <Title>围城内外</Title>
        <Domain>1000090290</Domain>
      </SubSort>
      <SubSort>
        <Title>第一次亲密接触</Title>
        <Domain>1000090301</Domain>
      </SubSort>
      <SubSort>
        <Title>网吧实录</Title>
        <Domain>1000090292</Domain>
      </SubSort>
      <SubSort>
        <Title>我爱我家</Title>
        <Domain>1000090293</Domain>
      </SubSort>
      <SubSort>
        <Title>少男少女</Title>
        <Domain>1000090294</Domain>
      </SubSort>
      <SubSort>
        <Title>四十情怀</Title>
        <Domain>1000090288</Domain>
      </SubSort>
      <SubSort>
        <Title>三十有约</Title>
        <Domain>1000090287</Domain>
      </SubSort>
      <SubSort>
        <Title>二人世界</Title>
        <Domain>1000090286</Domain>
      </SubSort>
      <SubSort>
        <Title>萌芽年华</Title>
        <Domain>1000090284</Domain>
      </SubSort>
      <SubSort>
        <Title>情感杂谈</Title>
        <Domain>1001258636</Domain>
      </SubSort>
      <SubSort>
        <Title>婆媳关系</Title>
        <Domain>1001258635</Domain>
      </SubSort>
      <SubSort>
        <Title>网恋日记</Title>
        <Domain>1000090296</Domain>
      </SubSort>
      <SubSort>
        <Title>不见不散</Title>
        <Domain>1000090302</Domain>
      </SubSort>
      <SubSort>
        <Title>交友天线</Title>
        <Domain>1000090295</Domain>
      </SubSort>
      <SubSort>
        <Title>稻草人手记</Title>
        <Domain>1001026958</Domain>
      </SubSort>
      <SubSort>
        <Title>男人帮</Title>
        <Domain>1000088052</Domain>
      </SubSort>
      <SubSort>
        <Title>单身贵族</Title>
        <Domain>1000090282</Domain>
      </SubSort>
      <SubSort>
        <Title>缘分的天空</Title>
        <Domain>1000090299</Domain>
      </SubSort>
      <SubSort>
        <Title>十字路口</Title>
        <Domain>1000090298</Domain>
      </SubSort>
      <SubSort>
        <Title>女孩房间</Title>
        <Domain>1000090306</Domain>
      </SubSort>
      <SubSort>
        <Title>异乡生活</Title>
        <Domain>1000090283</Domain>
      </SubSort>
      <SubSort>
        <Title>情感问诊室</Title>
        <Domain>1001258637</Domain>
      </SubSort>
      <SubSort>
        <Title>版主交流</Title>
        <Domain>1001024131</Domain>
      </SubSort>
      <SubSort>
        <Title>时尚大事件</Title>
        <Domain>1001024061</Domain>
      </SubSort>
      <SubSort>
        <Title>我爱新生活</Title>
        <Domain>1001024062</Domain>
      </SubSort>
      <SubSort>
        <Title>时尚论坛版务</Title>
        <Domain>1001258668</Domain>
      </SubSort>
    </SubSort>
  </Sort>
  <Sort>
    <Title>游戏论坛</Title>
    <Domain>bbs.games.qq.com</Domain>
    <SubSort>
      <SubSort>
        <Title>游戏综合</Title>
        <Domain>1000087225</Domain>
      </SubSort>
      <SubSort>
        <Title>新网络游戏</Title>
        <Domain>1000088047</Domain>
      </SubSort>
      <SubSort>
        <Title>玩家自曝</Title>
        <Domain>1001483726</Domain>
      </SubSort>
      <SubSort>
        <Title>网页游戏</Title>
        <Domain>1001483725</Domain>
      </SubSort>
      <SubSort>
        <Title>电子竞技</Title>
        <Domain>1000086643</Domain>
      </SubSort>
      <SubSort>
        <Title>游戏公会</Title>
        <Domain>199</Domain>
      </SubSort>
      <SubSort>
        <Title>电脑游戏</Title>
        <Domain>1000087228</Domain>
      </SubSort>
      <SubSort>
        <Title>电视游戏</Title>
        <Domain>1000087227</Domain>
      </SubSort>
      <SubSort>
        <Title>淘号发号区</Title>
        <Domain>1001026853</Domain>
      </SubSort>
      <SubSort>
        <Title>魔兽世界</Title>
        <Domain>1001483711</Domain>
      </SubSort>
      <SubSort>
        <Title>梦幻西游</Title>
        <Domain>1001483714</Domain>
      </SubSort>
      <SubSort>
        <Title>劲舞团</Title>
        <Domain>1001483715</Domain>
      </SubSort>
      <SubSort>
        <Title>跑跑卡丁车</Title>
        <Domain>1000004070</Domain>
      </SubSort>
      <SubSort>
        <Title>剑侠情缘网络版叁</Title>
        <Domain>1001483712</Domain>
      </SubSort>
      <SubSort>
        <Title>天龙八部3</Title>
        <Domain>1001483710</Domain>
      </SubSort>
      <SubSort>
        <Title>成吉思汗3</Title>
        <Domain>1001483716</Domain>
      </SubSort>
      <SubSort>
        <Title>桃园online</Title>
        <Domain>1001483737</Domain>
      </SubSort>
      <SubSort>
        <Title>传奇</Title>
        <Domain>1000085793</Domain>
      </SubSort>
      <SubSort>
        <Title>泡泡堂</Title>
        <Domain>1000004091</Domain>
      </SubSort>
      <SubSort>
        <Title>坦克世界</Title>
        <Domain>1001468887</Domain>
      </SubSort>
      <SubSort>
        <Title>完美世界</Title>
        <Domain>1000004082</Domain>
      </SubSort>
      <SubSort>
        <Title>武林外传</Title>
        <Domain>1000004081</Domain>
      </SubSort>
      <SubSort>
        <Title>星辰变OL</Title>
        <Domain>1001025774</Domain>
      </SubSort>
      <SubSort>
        <Title>万王之王3</Title>
        <Domain>1000687870</Domain>
      </SubSort>
      <SubSort>
        <Title>征途2</Title>
        <Domain>1001405450</Domain>
      </SubSort>
      <SubSort>
        <Title>诛仙</Title>
        <Domain>1000004074</Domain>
      </SubSort>
      <SubSort>
        <Title>剑侠世界</Title>
        <Domain>1001025779</Domain>
      </SubSort>
      <SubSort>
        <Title>鹿鼎记</Title>
        <Domain>1001345185</Domain>
      </SubSort>
      <SubSort>
        <Title>QQ军团</Title>
        <Domain>1001024052</Domain>
      </SubSort>
      <SubSort>
        <Title>地下城与勇士</Title>
        <Domain>1001027121</Domain>
      </SubSort>
      <SubSort>
        <Title>穿越火线</Title>
        <Domain>1001025901</Domain>
      </SubSort>
      <SubSort>
        <Title>英雄联盟</Title>
        <Domain>1001177497</Domain>
      </SubSort>
      <SubSort>
        <Title>轩辕传奇</Title>
        <Domain>1001036810</Domain>
      </SubSort>
      <SubSort>
        <Title>战地之王</Title>
        <Domain>1001025922</Domain>
      </SubSort>
      <SubSort>
        <Title>英雄岛</Title>
        <Domain>1000227438</Domain>
      </SubSort>
      <SubSort>
        <Title>大明龙权</Title>
        <Domain>1001027143</Domain>
      </SubSort>
      <SubSort>
        <Title>幻想世界</Title>
        <Domain>1001027145</Domain>
      </SubSort>
      <SubSort>
        <Title>寻仙</Title>
        <Domain>1001023961</Domain>
      </SubSort>
      <SubSort>
        <Title>魔幻大陆</Title>
        <Domain>1001472768</Domain>
      </SubSort>
      <SubSort>
        <Title>QQ炫舞</Title>
        <Domain>1001177798</Domain>
      </SubSort>
      <SubSort>
        <Title>QQ西游</Title>
        <Domain>1001027144</Domain>
      </SubSort>
      <SubSort>
        <Title>QQ仙境</Title>
        <Domain>1001023964</Domain>
      </SubSort>
      <SubSort>
        <Title>QQ仙侠传</Title>
        <Domain>1001027146</Domain>
      </SubSort>
      <SubSort>
        <Title>QQ三国</Title>
        <Domain>1001027116</Domain>
      </SubSort>
      <SubSort>
        <Title>QQ自由幻想</Title>
        <Domain>1001267494</Domain>
      </SubSort>
      <SubSort>
        <Title>QQ华夏</Title>
        <Domain>1001027092</Domain>
      </SubSort>
      <SubSort>
        <Title>QQ都市</Title>
        <Domain>1001468337</Domain>
      </SubSort>
      <SubSort>
        <Title>手机QQ游戏</Title>
        <Domain>1001468338</Domain>
      </SubSort>
      <SubSort>
        <Title>QQ梦想城</Title>
        <Domain>1001483735</Domain>
      </SubSort>
      <SubSort>
        <Title>QQ封神记</Title>
        <Domain>1001027147</Domain>
      </SubSort>
      <SubSort>
        <Title>QQ精武堂</Title>
        <Domain>1001483741</Domain>
      </SubSort>
      <SubSort>
        <Title>王朝霸域</Title>
        <Domain>1001483742</Domain>
      </SubSort>
      <SubSort>
        <Title>部落守卫战</Title>
        <Domain>1001483738</Domain>
      </SubSort>
      <SubSort>
        <Title>网游:A~D</Title>
        <Domain>48</Domain>
      </SubSort>
      <SubSort>
        <Title>网游:E~H</Title>
        <Domain>49</Domain>
      </SubSort>
      <SubSort>
        <Title>网游:I-L</Title>
        <Domain>106</Domain>
      </SubSort>
      <SubSort>
        <Title>网游:M~P</Title>
        <Domain>50</Domain>
      </SubSort>
      <SubSort>
        <Title>网游:Q~T</Title>
        <Domain>51</Domain>
      </SubSort>
      <SubSort>
        <Title>网游:W~Z</Title>
        <Domain>52</Domain>
      </SubSort>
      <SubSort>
        <Title>论坛公告</Title>
        <Domain>1001483724</Domain>
      </SubSort>
      <SubSort>
        <Title>意见反馈</Title>
        <Domain>1001024169</Domain>
      </SubSort>
    </SubSort>
  </Sort>
  <Sort>
    <Title>星座论坛</Title>
    <Domain>bbs.astro.qq.com</Domain>
    <SubSort>
      <SubSort>
        <Title>白羊座</Title>
        <Domain>1000004220</Domain>
      </SubSort>
      <SubSort>
        <Title>金牛座</Title>
        <Domain>1000004221</Domain>
      </SubSort>
      <SubSort>
        <Title>双子座</Title>
        <Domain>1000004214</Domain>
      </SubSort>
      <SubSort>
        <Title>巨蟹座</Title>
        <Domain>1000004217</Domain>
      </SubSort>
      <SubSort>
        <Title>狮子座</Title>
        <Domain>1000004219</Domain>
      </SubSort>
      <SubSort>
        <Title>处女座</Title>
        <Domain>1000004213</Domain>
      </SubSort>
      <SubSort>
        <Title>天秤座</Title>
        <Domain>1000004212</Domain>
      </SubSort>
      <SubSort>
        <Title>天蝎座</Title>
        <Domain>1000004211</Domain>
      </SubSort>
      <SubSort>
        <Title>射手座</Title>
        <Domain>1000004216</Domain>
      </SubSort>
      <SubSort>
        <Title>摩羯座</Title>
        <Domain>1000004222</Domain>
      </SubSort>
      <SubSort>
        <Title>水瓶座</Title>
        <Domain>1000004215</Domain>
      </SubSort>
      <SubSort>
        <Title>双鱼座</Title>
        <Domain>1000004218</Domain>
      </SubSort>
      <SubSort>
        <Title>心理测试</Title>
        <Domain>1000087967</Domain>
      </SubSort>
      <SubSort>
        <Title>血型</Title>
        <Domain>1000004207</Domain>
      </SubSort>
      <SubSort>
        <Title>生日情缘</Title>
        <Domain>1000004208</Domain>
      </SubSort>
      <SubSort>
        <Title>星座贴图</Title>
        <Domain>1000087971</Domain>
      </SubSort>
      <SubSort>
        <Title>星梦Q缘</Title>
        <Domain>1000004204</Domain>
      </SubSort>
      <SubSort>
        <Title>十二生肖</Title>
        <Domain>1000004210</Domain>
      </SubSort>
      <SubSort>
        <Title>原创星文</Title>
        <Domain>1000087972</Domain>
      </SubSort>
      <SubSort>
        <Title>魔法学校</Title>
        <Domain>1000004206</Domain>
      </SubSort>
      <SubSort>
        <Title>塔罗占卜</Title>
        <Domain>1000004205</Domain>
      </SubSort>
      <SubSort>
        <Title>梦的解析</Title>
        <Domain>1000087968</Domain>
      </SubSort>
      <SubSort>
        <Title>风水命理</Title>
        <Domain>1000004209</Domain>
      </SubSort>
      <SubSort>
        <Title>紫微斗数</Title>
        <Domain>1000087969</Domain>
      </SubSort>
      <SubSort>
        <Title>八卦算命</Title>
        <Domain>1000004203</Domain>
      </SubSort>
      <SubSort>
        <Title>玄异奇谈</Title>
        <Domain>1000087970</Domain>
      </SubSort>
      <SubSort>
        <Title>论坛公告</Title>
        <Domain>1000087975</Domain>
      </SubSort>
      <SubSort>
        <Title>意见反馈</Title>
        <Domain>1000087976</Domain>
      </SubSort>
    </SubSort>
  </Sort>
  <Sort>
    <Title>动漫论坛</Title>
    <Domain>bbs.comic.qq.com</Domain>
    <SubSort>
      <SubSort>
        <Title>火影忍者</Title>
        <Domain>1000000582</Domain>
      </SubSort>
      <SubSort>
        <Title>死神</Title>
        <Domain>1001024120</Domain>
      </SubSort>
      <SubSort>
        <Title>海贼王</Title>
        <Domain>1001024121</Domain>
      </SubSort>
      <SubSort>
        <Title>妖精的尾巴</Title>
        <Domain>1000004185</Domain>
      </SubSort>
      <SubSort>
        <Title>银魂</Title>
        <Domain>1001024124</Domain>
      </SubSort>
      <SubSort>
        <Title>家庭教师</Title>
        <Domain>1001239015</Domain>
      </SubSort>
      <SubSort>
        <Title>圣斗士星矢</Title>
        <Domain>1001024122</Domain>
      </SubSort>
      <SubSort>
        <Title>名侦探柯南</Title>
        <Domain>1000087829</Domain>
      </SubSort>
      <SubSort>
        <Title>高达</Title>
        <Domain>1001024123</Domain>
      </SubSort>
      <SubSort>
        <Title>网球王子</Title>
        <Domain>1001024125</Domain>
      </SubSort>
      <SubSort>
        <Title>NANA</Title>
        <Domain>1000087837</Domain>
      </SubSort>
      <SubSort>
        <Title>全职猎人</Title>
        <Domain>1001239026</Domain>
      </SubSort>
      <SubSort>
        <Title>原画作品秀</Title>
        <Domain>1000087830</Domain>
      </SubSort>
      <SubSort>
        <Title>动漫文学</Title>
        <Domain>1000087831</Domain>
      </SubSort>
      <SubSort>
        <Title>涂鸦馆</Title>
        <Domain>1001239014</Domain>
      </SubSort>
      <SubSort>
        <Title>动漫图秀</Title>
        <Domain>1000087832</Domain>
      </SubSort>
      <SubSort>
        <Title>动漫影音</Title>
        <Domain>1000087841</Domain>
      </SubSort>
      <SubSort>
        <Title>新番推介</Title>
        <Domain>1000087833</Domain>
      </SubSort>
      <SubSort>
        <Title>经典怀旧</Title>
        <Domain>1000087834</Domain>
      </SubSort>
      <SubSort>
        <Title>中国动漫</Title>
        <Domain>1000087828</Domain>
      </SubSort>
      <SubSort>
        <Title>耽美同人</Title>
        <Domain>1000087827</Domain>
      </SubSort>
      <SubSort>
        <Title>动漫名家</Title>
        <Domain>1000087840</Domain>
      </SubSort>
      <SubSort>
        <Title>少女漫画</Title>
        <Domain>1000087842</Domain>
      </SubSort>
      <SubSort>
        <Title>站务管理</Title>
        <Domain>1001239020</Domain>
      </SubSort>
    </SubSort>
  </Sort>
  <Sort>
    <Title>体育论坛</Title>
    <Domain>bbs.sports.qq.com</Domain>
    <SubSort>
      <SubSort>
        <Title>飞人刘翔</Title>
        <Domain>1000004441</Domain>
      </SubSort>
      <SubSort>
        <Title>晒客健身达人</Title>
        <Domain>1001471157</Domain>
      </SubSort>
      <SubSort>
        <Title>网坛风云</Title>
        <Domain>1000004448</Domain>
      </SubSort>
      <SubSort>
        <Title>大话体育</Title>
        <Domain>1000000976</Domain>
      </SubSort>
      <SubSort>
        <Title>乒羽世界</Title>
        <Domain>1000004386</Domain>
      </SubSort>
      <SubSort>
        <Title>体育图库</Title>
        <Domain>1001026960</Domain>
      </SubSort>
      <SubSort>
        <Title>梦想基金</Title>
        <Domain>1001300082</Domain>
      </SubSort>
      <SubSort>
        <Title>极限运动</Title>
        <Domain>1001241614</Domain>
      </SubSort>
      <SubSort>
        <Title>体育游戏</Title>
        <Domain>1001249344</Domain>
      </SubSort>
      <SubSort>
        <Title>赛车</Title>
        <Domain>1001471150</Domain>
      </SubSort>
      <SubSort>
        <Title>版务交流</Title>
        <Domain>1001025758</Domain>
      </SubSort>
      <SubSort>
        <Title>体育彩票</Title>
        <Domain>1001055554</Domain>
      </SubSort>
      <SubSort>
        <Title>福利彩票</Title>
        <Domain>1001343708</Domain>
      </SubSort>
      <SubSort>
        <Title>彩票版务交流</Title>
        <Domain>1001343710</Domain>
      </SubSort>
      <SubSort>
        <Title>欧冠</Title>
        <Domain>1001024178</Domain>
      </SubSort>
      <SubSort>
        <Title>西甲</Title>
        <Domain>1001471148</Domain>
      </SubSort>
      <SubSort>
        <Title>其他联赛</Title>
        <Domain>1000004413</Domain>
      </SubSort>
      <SubSort>
        <Title>英超</Title>
        <Domain>1000004400</Domain>
      </SubSort>
      <SubSort>
        <Title>意甲</Title>
        <Domain>1000004405</Domain>
      </SubSort>
      <SubSort>
        <Title>列国队报</Title>
        <Domain>1001057824</Domain>
      </SubSort>
      <SubSort>
        <Title>国足</Title>
        <Domain>1000087929</Domain>
      </SubSort>
      <SubSort>
        <Title>国内俱乐部</Title>
        <Domain>1000004398</Domain>
      </SubSort>
      <SubSort>
        <Title>大连阿尔滨</Title>
        <Domain>1001471147</Domain>
      </SubSort>
      <SubSort>
        <Title>亚洲足球</Title>
        <Domain>1000087931</Domain>
      </SubSort>
      <SubSort>
        <Title>校园足球</Title>
        <Domain>1001031818</Domain>
      </SubSort>
      <SubSort>
        <Title>海外足球</Title>
        <Domain>1000084950</Domain>
      </SubSort>
      <SubSort>
        <Title>姚明 火箭</Title>
        <Domain>1000004440</Domain>
      </SubSort>
      <SubSort>
        <Title>科比 湖人</Title>
        <Domain>1000004443</Domain>
      </SubSort>
      <SubSort>
        <Title>麦蒂</Title>
        <Domain>1000004444</Domain>
      </SubSort>
      <SubSort>
        <Title>中国篮球</Title>
        <Domain>1001024170</Domain>
      </SubSort>
      <SubSort>
        <Title>热火 詹姆斯</Title>
        <Domain>1000004445</Domain>
      </SubSort>
      <SubSort>
        <Title>NBA</Title>
        <Domain>1000004389</Domain>
      </SubSort>
      <SubSort>
        <Title>NIKE篮球攻会</Title>
        <Domain>1001232632</Domain>
      </SubSort>
      <SubSort>
        <Title>运动装备</Title>
        <Domain>1001241613</Domain>
      </SubSort>
      <SubSort>
        <Title>凯尔特人</Title>
        <Domain>1000087912</Domain>
      </SubSort>
      <SubSort>
        <Title>洛杉矶湖人</Title>
        <Domain>1000004391</Domain>
      </SubSort>
      <SubSort>
        <Title>论坛公告</Title>
        <Domain>1001471155</Domain>
      </SubSort>
      <SubSort>
        <Title>意见反馈</Title>
        <Domain>1001471156</Domain>
      </SubSort>
      <SubSort>
        <Title>[内]版主讨论区</Title>
        <Domain>1001471153</Domain>
      </SubSort>
      <SubSort>
        <Title>[内]管理讨论区</Title>
        <Domain>1001471154</Domain>
      </SubSort>
    </SubSort>
  </Sort>
  <Sort>
    <Title>财经论坛</Title>
    <Domain>bbs.finance.qq.com</Domain>
    <SubSort>
      <SubSort>
        <Title>股海观潮</Title>
        <Domain>1001024154</Domain>
      </SubSort>
      <SubSort>
        <Title>技术看盘</Title>
        <Domain>1001476708</Domain>
      </SubSort>
      <SubSort>
        <Title>内参传闻</Title>
        <Domain>1001024153</Domain>
      </SubSort>
      <SubSort>
        <Title>股民补习班</Title>
        <Domain>1001250755</Domain>
      </SubSort>
      <SubSort>
        <Title>基金看台</Title>
        <Domain>1001024155</Domain>
      </SubSort>
      <SubSort>
        <Title>港股论坛</Title>
        <Domain>1001024152</Domain>
      </SubSort>
      <SubSort>
        <Title>窝轮/牛熊证</Title>
        <Domain>1001058012</Domain>
      </SubSort>
      <SubSort>
        <Title>美股论坛</Title>
        <Domain>1001270497</Domain>
      </SubSort>
      <SubSort>
        <Title>彬哥看盘</Title>
        <Domain>1001220655</Domain>
      </SubSort>
      <SubSort>
        <Title>沙漠雄鹰</Title>
        <Domain>1001179597</Domain>
      </SubSort>
      <SubSort>
        <Title>金牛九段</Title>
        <Domain>1001413866</Domain>
      </SubSort>
      <SubSort>
        <Title>倚天摘星</Title>
        <Domain>1001032429</Domain>
      </SubSort>
      <SubSort>
        <Title>先河实时解盘</Title>
        <Domain>1001195373</Domain>
      </SubSort>
      <SubSort>
        <Title>股海天涯</Title>
        <Domain>1001212496</Domain>
      </SubSort>
      <SubSort>
        <Title>龙头看盘</Title>
        <Domain>1001179595</Domain>
      </SubSort>
      <SubSort>
        <Title>买卖点吧</Title>
        <Domain>1001239030</Domain>
      </SubSort>
      <SubSort>
        <Title>股海导航</Title>
        <Domain>1001249252</Domain>
      </SubSort>
      <SubSort>
        <Title>图锐盘股开天</Title>
        <Domain>1001274267</Domain>
      </SubSort>
      <SubSort>
        <Title>血狼看盘</Title>
        <Domain>1001286281</Domain>
      </SubSort>
      <SubSort>
        <Title>大卫看盘</Title>
        <Domain>1001282514</Domain>
      </SubSort>
      <SubSort>
        <Title>郑保华看盘</Title>
        <Domain>1001248055</Domain>
      </SubSort>
      <SubSort>
        <Title>大张视角</Title>
        <Domain>1001222840</Domain>
      </SubSort>
      <SubSort>
        <Title>黄健论股</Title>
        <Domain>1001343670</Domain>
      </SubSort>
      <SubSort>
        <Title>★淘氣天尊★</Title>
        <Domain>1001448781</Domain>
      </SubSort>
      <SubSort>
        <Title>国诚投资</Title>
        <Domain>1001476707</Domain>
      </SubSort>
      <SubSort>
        <Title>高弈峰</Title>
        <Domain>1001335708</Domain>
      </SubSort>
      <SubSort>
        <Title>醉解股语</Title>
        <Domain>1001282567</Domain>
      </SubSort>
      <SubSort>
        <Title>天天理财</Title>
        <Domain>1000083751</Domain>
      </SubSort>
      <SubSort>
        <Title>黄金万两</Title>
        <Domain>1001024161</Domain>
      </SubSort>
      <SubSort>
        <Title>大话银行</Title>
        <Domain>1001024157</Domain>
      </SubSort>
      <SubSort>
        <Title>期市感悟</Title>
        <Domain>1001024165</Domain>
      </SubSort>
      <SubSort>
        <Title>汇通天下</Title>
        <Domain>1001024164</Domain>
      </SubSort>
      <SubSort>
        <Title>保险3.15</Title>
        <Domain>1001024163</Domain>
      </SubSort>
      <SubSort>
        <Title>产品天下评</Title>
        <Domain>1001024162</Domain>
      </SubSort>
      <SubSort>
        <Title>财经乌托邦</Title>
        <Domain>1000087873</Domain>
      </SubSort>
    </SubSort>
  </Sort>
  <Sort>
    <Title>教育论坛</Title>
    <Domain>bbs.edu.qq.com</Domain>
    <SubSort>
      <SubSort>
        <Title>高考(成考自考)</Title>
        <Domain>1000090392</Domain>
      </SubSort>
      <SubSort>
        <Title>考研</Title>
        <Domain>1000090393</Domain>
      </SubSort>
      <SubSort>
        <Title>外语</Title>
        <Domain>1000090390</Domain>
      </SubSort>
      <SubSort>
        <Title>公务员</Title>
        <Domain>1000090389</Domain>
      </SubSort>
      <SubSort>
        <Title>求职</Title>
        <Domain>1000090394</Domain>
      </SubSort>
      <SubSort>
        <Title>家长俱乐部</Title>
        <Domain>1000090387</Domain>
      </SubSort>
      <SubSort>
        <Title>漫话教育</Title>
        <Domain>1000090399</Domain>
      </SubSort>
      <SubSort>
        <Title>开心校园</Title>
        <Domain>1000158380</Domain>
      </SubSort>
      <SubSort>
        <Title>心灵安全岛</Title>
        <Domain>1000158525</Domain>
      </SubSort>
      <SubSort>
        <Title>校花校草</Title>
        <Domain>1000090419</Domain>
      </SubSort>
      <SubSort>
        <Title>男女宿舍</Title>
        <Domain>1000090376</Domain>
      </SubSort>
      <SubSort>
        <Title>校园红人博客</Title>
        <Domain>1000087509</Domain>
      </SubSort>
      <SubSort>
        <Title>文学憩园</Title>
        <Domain>1000158522</Domain>
      </SubSort>
      <SubSort>
        <Title>留学生秀</Title>
        <Domain>1001024140</Domain>
      </SubSort>
      <SubSort>
        <Title>话题活动</Title>
        <Domain>1001024141</Domain>
      </SubSort>
      <SubSort>
        <Title>美洲留学</Title>
        <Domain>1001024142</Domain>
      </SubSort>
      <SubSort>
        <Title>欧洲留学</Title>
        <Domain>1001024143</Domain>
      </SubSort>
      <SubSort>
        <Title>澳洲留学</Title>
        <Domain>1001024145</Domain>
      </SubSort>
      <SubSort>
        <Title>亚洲留学</Title>
        <Domain>1001024150</Domain>
      </SubSort>
      <SubSort>
        <Title>论坛公告</Title>
        <Domain>1001024154</Domain>
      </SubSort>
      <SubSort>
        <Title>意见反馈</Title>
        <Domain>1001024155</Domain>
      </SubSort>
    </SubSort>
  </Sort>
  <Sort>
    <Title>科技论坛</Title>
    <Domain>bbs.tech.qq.com</Domain>
    <SubSort>
      <SubSort>
        <Title>IT传闻</Title>
        <Domain>1000001185</Domain>
      </SubSort>
      <SubSort>
        <Title>通信</Title>
        <Domain>1001024018</Domain>
      </SubSort>
      <SubSort>
        <Title>网络生活</Title>
        <Domain>1001024017</Domain>
      </SubSort>
      <SubSort>
        <Title>科学贴图</Title>
        <Domain>1001024023</Domain>
      </SubSort>
      <SubSort>
        <Title>天文地理</Title>
        <Domain>1000672148</Domain>
      </SubSort>
      <SubSort>
        <Title>生命健康</Title>
        <Domain>1001024022</Domain>
      </SubSort>
      <SubSort>
        <Title>历史谜团</Title>
        <Domain>1001024021</Domain>
      </SubSort>
      <SubSort>
        <Title>液晶电视</Title>
        <Domain>1001026942</Domain>
      </SubSort>
      <SubSort>
        <Title>等离子电视</Title>
        <Domain>1001026937</Domain>
      </SubSort>
      <SubSort>
        <Title>空调</Title>
        <Domain>1001026941</Domain>
      </SubSort>
      <SubSort>
        <Title>冰箱</Title>
        <Domain>1001026940</Domain>
      </SubSort>
      <SubSort>
        <Title>洗衣机</Title>
        <Domain>1001026943</Domain>
      </SubSort>
    </SubSort>
  </Sort>
  <Sort>
    <Title>时尚论坛</Title>
    <Domain>bbs.fashion.qq.com</Domain>
    <SubSort>
      <SubSort>
        <Title>美容化妆</Title>
        <Domain>1001023923</Domain>
      </SubSort>
      <SubSort>
        <Title>服饰搭配</Title>
        <Domain>1000004347</Domain>
      </SubSort>
      <SubSort>
        <Title>品牌购物</Title>
        <Domain>1001258667</Domain>
      </SubSort>
      <SubSort>
        <Title>时尚达人会</Title>
        <Domain>1000088039</Domain>
      </SubSort>
      <SubSort>
        <Title>瘦身减肥</Title>
        <Domain>1000004349</Domain>
      </SubSort>
      <SubSort>
        <Title>养眼贴图</Title>
        <Domain>1000088044</Domain>
      </SubSort>
      <SubSort>
        <Title>美丽的梦</Title>
        <Domain>1000088038</Domain>
      </SubSort>
      <SubSort>
        <Title>绝对蜜秘</Title>
        <Domain>1001026944</Domain>
      </SubSort>
      <SubSort>
        <Title>美发护发</Title>
        <Domain>1000004348</Domain>
      </SubSort>
      <SubSort>
        <Title>和风韩潮</Title>
        <Domain>1000088053</Domain>
      </SubSort>
      <SubSort>
        <Title>新娘手册</Title>
        <Domain>1000004361</Domain>
      </SubSort>
      <SubSort>
        <Title>时尚杂志</Title>
        <Domain>1000088040</Domain>
      </SubSort>
      <SubSort>
        <Title>高端访谈</Title>
        <Domain>1000088041</Domain>
      </SubSort>
      <SubSort>
        <Title>女人说吧</Title>
        <Domain>1001026945</Domain>
      </SubSort>
      <SubSort>
        <Title>小资酒吧</Title>
        <Domain>1000088051</Domain>
      </SubSort>
      <SubSort>
        <Title>版主交流</Title>
        <Domain>1000088049</Domain>
      </SubSort>
      <SubSort>
        <Title>自拍这里秀</Title>
        <Domain>1000090275</Domain>
      </SubSort>
      <SubSort>
        <Title>我为大牌狂</Title>
        <Domain>1001024059</Domain>
      </SubSort>
      <SubSort>
        <Title>激情旅游</Title>
        <Domain>1001026957</Domain>
      </SubSort>
      <SubSort>
        <Title>天下美食</Title>
        <Domain>1000088043</Domain>
      </SubSort>
      <SubSort>
        <Title>家居装饰</Title>
        <Domain>1001026955</Domain>
      </SubSort>
      <SubSort>
        <Title>健康世界</Title>
        <Domain>1000088045</Domain>
      </SubSort>
      <SubSort>
        <Title>都市夜生活</Title>
        <Domain>1000088099</Domain>
      </SubSort>
      <SubSort>
        <Title>宠物乐园</Title>
        <Domain>1001026956</Domain>
      </SubSort>
      <SubSort>
        <Title>妇科保养</Title>
        <Domain>1000088096</Domain>
      </SubSort>
      <SubSort>
        <Title>互动问答</Title>
        <Domain>1000088097</Domain>
      </SubSort>
      <SubSort>
        <Title>版主交流</Title>
        <Domain>1000088106</Domain>
      </SubSort>
      <SubSort>
        <Title>情感天地</Title>
        <Domain>1000090297</Domain>
      </SubSort>
      <SubSort>
        <Title>生于80年代</Title>
        <Domain>1000090285</Domain>
      </SubSort>
      <SubSort>
        <Title>职场生活</Title>
        <Domain>1000090305</Domain>
      </SubSort>
      <SubSort>
        <Title>五十相聚</Title>
        <Domain>1000090289</Domain>
      </SubSort>
      <SubSort>
        <Title>围城内外</Title>
        <Domain>1000090290</Domain>
      </SubSort>
      <SubSort>
        <Title>第一次亲密接触</Title>
        <Domain>1000090301</Domain>
      </SubSort>
      <SubSort>
        <Title>网吧实录</Title>
        <Domain>1000090292</Domain>
      </SubSort>
      <SubSort>
        <Title>我爱我家</Title>
        <Domain>1000090293</Domain>
      </SubSort>
      <SubSort>
        <Title>少男少女</Title>
        <Domain>1000090294</Domain>
      </SubSort>
      <SubSort>
        <Title>四十情怀</Title>
        <Domain>1000090288</Domain>
      </SubSort>
      <SubSort>
        <Title>三十有约</Title>
        <Domain>1000090287</Domain>
      </SubSort>
      <SubSort>
        <Title>二人世界</Title>
        <Domain>1000090286</Domain>
      </SubSort>
      <SubSort>
        <Title>萌芽年华</Title>
        <Domain>1000090284</Domain>
      </SubSort>
      <SubSort>
        <Title>情感杂谈</Title>
        <Domain>1001258636</Domain>
      </SubSort>
      <SubSort>
        <Title>婆媳关系</Title>
        <Domain>1001258635</Domain>
      </SubSort>
      <SubSort>
        <Title>网恋日记</Title>
        <Domain>1000090296</Domain>
      </SubSort>
      <SubSort>
        <Title>不见不散</Title>
        <Domain>1000090302</Domain>
      </SubSort>
      <SubSort>
        <Title>交友天线</Title>
        <Domain>1000090295</Domain>
      </SubSort>
      <SubSort>
        <Title>稻草人手记</Title>
        <Domain>1001026958</Domain>
      </SubSort>
      <SubSort>
        <Title>男人帮</Title>
        <Domain>1000088052</Domain>
      </SubSort>
      <SubSort>
        <Title>单身贵族</Title>
        <Domain>1000090282</Domain>
      </SubSort>
      <SubSort>
        <Title>缘分的天空</Title>
        <Domain>1000090299</Domain>
      </SubSort>
      <SubSort>
        <Title>十字路口</Title>
        <Domain>1000090298</Domain>
      </SubSort>
      <SubSort>
        <Title>女孩房间</Title>
        <Domain>1000090306</Domain>
      </SubSort>
      <SubSort>
        <Title>异乡生活</Title>
        <Domain>1000090283</Domain>
      </SubSort>
      <SubSort>
        <Title>情感问诊室</Title>
        <Domain>1001258637</Domain>
      </SubSort>
      <SubSort>
        <Title>版主交流</Title>
        <Domain>1001024131</Domain>
      </SubSort>
      <SubSort>
        <Title>时尚大事件</Title>
        <Domain>1001024061</Domain>
      </SubSort>
      <SubSort>
        <Title>我爱新生活</Title>
        <Domain>1001024062</Domain>
      </SubSort>
      <SubSort>
        <Title>时尚论坛版务</Title>
        <Domain>1001258668</Domain>
      </SubSort>
    </SubSort>
  </Sort>
  <Sort>
    <Title>育儿论坛</Title>
    <Domain>bbs.baby.qq.com</Domain>
    <SubSort>
      <SubSort>
        <Title>成长记录</Title>
        <Domain>1001366381</Domain>
      </SubSort>
      <SubSort>
        <Title>怀上宝宝</Title>
        <Domain>1001025811</Domain>
      </SubSort>
      <SubSort>
        <Title>婆媳姑嫂</Title>
        <Domain>1001025820</Domain>
      </SubSort>
      <SubSort>
        <Title>宝宝秀场</Title>
        <Domain>1001025804</Domain>
      </SubSort>
      <SubSort>
        <Title>美食厨房</Title>
        <Domain>1001025815</Domain>
      </SubSort>
      <SubSort>
        <Title>健康早教</Title>
        <Domain>1001366378</Domain>
      </SubSort>
      <SubSort>
        <Title>婚姻物语</Title>
        <Domain>1001027019</Domain>
      </SubSort>
      <SubSort>
        <Title>版务管理</Title>
        <Domain>1001025817</Domain>
      </SubSort>
    </SubSort>
  </Sort>
  <Sort>
    <Title>博客论坛</Title>
    <Domain>bbs.blog.qq.com</Domain>
    <SubSort>
      <SubSort>
        <Title>博客总坛</Title>
        <Domain>1001026845</Domain>
      </SubSort>
      <SubSort>
        <Title>摄影博客</Title>
        <Domain>1001026846</Domain>
      </SubSort>
      <SubSort>
        <Title>旅游博客</Title>
        <Domain>1001026847</Domain>
      </SubSort>
      <SubSort>
        <Title>亲子博客</Title>
        <Domain>1001027097</Domain>
      </SubSort>
      <SubSort>
        <Title>美女星博客</Title>
        <Domain>1001027102</Domain>
      </SubSort>
      <SubSort>
        <Title>论坛公告</Title>
        <Domain>1001027100</Domain>
      </SubSort>
    </SubSort>
  </Sort>
  <Sort>
    <Title>儿童论坛</Title>
    <Domain>bbs.kid.qq.com</Domain>
    <SubSort>
      <SubSort>
        <Title>女孩小屋</Title>
        <Domain>1001026999</Domain>
      </SubSort>
      <SubSort>
        <Title>男孩方阵</Title>
        <Domain>1001027096</Domain>
      </SubSort>
      <SubSort>
        <Title>我型我show</Title>
        <Domain>1001026984</Domain>
      </SubSort>
      <SubSort>
        <Title>摩登话题</Title>
        <Domain>1001259025</Domain>
      </SubSort>
      <SubSort>
        <Title>Q宠交流站</Title>
        <Domain>1001031921</Domain>
      </SubSort>
      <SubSort>
        <Title>趣味测试</Title>
        <Domain>1001026987</Domain>
      </SubSort>
      <SubSort>
        <Title>我是小作家</Title>
        <Domain>1001026997</Domain>
      </SubSort>
      <SubSort>
        <Title>小记者大嘴巴</Title>
        <Domain>1001259024</Domain>
      </SubSort>
      <SubSort>
        <Title>迷人图书</Title>
        <Domain>1001026986</Domain>
      </SubSort>
      <SubSort>
        <Title>明星偶像</Title>
        <Domain>1001026991</Domain>
      </SubSort>
      <SubSort>
        <Title>留言送祝福</Title>
        <Domain>1001026982</Domain>
      </SubSort>
      <SubSort>
        <Title>搞怪东东</Title>
        <Domain>1001026994</Domain>
      </SubSort>
      <SubSort>
        <Title>趣味英语</Title>
        <Domain>1001026985</Domain>
      </SubSort>
      <SubSort>
        <Title>我爱动物</Title>
        <Domain>1001026988</Domain>
      </SubSort>
      <SubSort>
        <Title>精彩游戏</Title>
        <Domain>1001026995</Domain>
      </SubSort>
      <SubSort>
        <Title>中外童星</Title>
        <Domain>1001027126</Domain>
      </SubSort>
      <SubSort>
        <Title>魅力玩具</Title>
        <Domain>1001026993</Domain>
      </SubSort>
      <SubSort>
        <Title>超酷动画</Title>
        <Domain>1001026992</Domain>
      </SubSort>
      <SubSort>
        <Title>品牌活动</Title>
        <Domain>1001030961</Domain>
      </SubSort>
      <SubSort>
        <Title>互动活动区</Title>
        <Domain>1001252280</Domain>
      </SubSort>
      <SubSort>
        <Title>洛克家族区</Title>
        <Domain>1001259019</Domain>
      </SubSort>
      <SubSort>
        <Title>游戏服务区</Title>
        <Domain>1001252281</Domain>
      </SubSort>
      <SubSort>
        <Title>交流讨论区</Title>
        <Domain>1001259022</Domain>
      </SubSort>
      <SubSort>
        <Title>玩家休闲区</Title>
        <Domain>1001259023</Domain>
      </SubSort>
      <SubSort>
        <Title>洛克周边区</Title>
        <Domain>1001259026</Domain>
      </SubSort>
      <SubSort>
        <Title>玩家交流区</Title>
        <Domain>1001259038</Domain>
      </SubSort>
      <SubSort>
        <Title>游戏服务区</Title>
        <Domain>1001259039</Domain>
      </SubSort>
      <SubSort>
        <Title>家族交流区</Title>
        <Domain>1001259045</Domain>
      </SubSort>
      <SubSort>
        <Title>论坛公告版</Title>
        <Domain>1001027100</Domain>
      </SubSort>
      <SubSort>
        <Title>论坛建议区</Title>
        <Domain>1001027102</Domain>
      </SubSort>
    </SubSort>
  </Sort>
</ArrayOfSort>