﻿<?xml version="1.0" encoding="utf-8"?>
<ArrayOfString xmlns:xsi="http://www.w3.org/2001/XMLSchema-instance" xmlns:xsd="http://www.w3.org/2001/XMLSchema">
  <string>拜年</string>
  <string>办事处</string>
  <string>宝典</string>
  <string>保密</string>
  <string>本信件如给你带来不便之处</string>
  <string>本邮件打扰了您</string>
  <string>必备工具</string>
  <string>便宜</string>
  <string>彩票</string>
  <string>成功</string>
  <string>成人</string>
  <string>创业</string>
  <string>促销</string>
  <string>大全</string>
  <string>代办</string>
  <string>代开</string>
  <string>代理</string>
  <string>电脑</string>
  <string>电影</string>
  <string>电子</string>
  <string>对外代开</string>
  <string>发财</string>
  <string>发票</string>
  <string>法宝</string>
  <string>房事</string>
  <string>高级培训班</string>
  <string>工作室</string>
  <string>贵公司</string>
  <string>贵司</string>
  <string>国际域名</string>
  <string>海外</string>
  <string>好消息</string>
  <string>合理减低税赋</string>
  <string>合作</string>
  <string>欢迎使用</string>
  <string>会展</string>
  <string>机密</string>
  <string>激情</string>
  <string>加密</string>
  <string>价值</string>
  <string>兼职</string>
  <string>交友</string>
  <string>结汇</string>
  <string>解密</string>
  <string>经理人</string>
  <string>经营</string>
  <string>精彩电影</string>
  <string>精品</string>
  <string>绝密</string>
  <string>老同学</string>
  <string>礼品</string>
  <string>廉价</string>
  <string>聊天</string>
  <string>留学网</string>
  <string>论文合作</string>
  <string>裸体</string>
  <string>美女</string>
  <string>美元</string>
  <string>萌萌</string>
  <string>秘决</string>
  <string>秘密</string>
  <string>免费</string>
  <string>模特</string>
  <string>男人</string>
  <string>您好</string>
  <string>女人</string>
  <string>朋友</string>
  <string>批发</string>
  <string>破解</string>
  <string>企业名录</string>
  <string>企业网</string>
  <string>企业信息化</string>
  <string>窃听</string>
  <string>情人</string>
  <string>情色</string>
  <string>情网</string>
  <string>求购</string>
  <string>群发</string>
  <string>热卖</string>
  <string>热销</string>
  <string>人力资源</string>
  <string>入境指南</string>
  <string>色情</string>
  <string>商城</string>
  <string>商店</string>
  <string>商机</string>
  <string>商业</string>
  <string>神密</string>
  <string>省钱</string>
  <string>实业</string>
  <string>世界在线电视台</string>
  <string>收入</string>
  <string>手机</string>
  <string>送货上门</string>
  <string>随手删除</string>
  <string>套餐</string>
  <string>特惠</string>
  <string>特价</string>
  <string>推广网站</string>
  <string>推广邮件</string>
  <string>退信</string>
  <string>网络电话</string>
  <string>网络实名</string>
  <string>网友</string>
  <string>为您</string>
  <string>伟哥</string>
  <string>下线</string>
  <string>销售</string>
  <string>写真</string>
  <string>信息发布</string>
  <string>性爱</string>
  <string>性福</string>
  <string>性感</string>
  <string>性用品</string>
  <string>寻合作</string>
  <string>一夜</string>
  <string>亿邮址</string>
  <string>亿友网络</string>
  <string>易趣</string>
  <string>阴茎</string>
  <string>英才</string>
  <string>营销</string>
  <string>优惠</string>
  <string>邮件列表</string>
  <string>运价</string>
  <string>增值税</string>
  <string>赠送</string>
  <string>找客户</string>
  <string>这封邮件打扰了您</string>
  <string>直投</string>
  <string>致富</string>
  <string>智能建站</string>
  <string>中奖</string>
  <string>主机</string>
  <string>专业生产</string>
  <string>专业制作</string>
  <string>转让</string>
  <string>赚美元</string>
  <string>赚钱</string>
  <string>最低价</string>
  <string>最近</string>
  <string>尊敬的</string>
  <string>做主</string>
</ArrayOfString>