﻿<?xml version="1.0" encoding="utf-8"?>
<TSetting xmlns:xsi="http://www.w3.org/2001/XMLSchema-instance" xmlns:xsd="http://www.w3.org/2001/XMLSchema">
  <AntiSpamSetting_AutoInsertStr>false</AntiSpamSetting_AutoInsertStr>
  <AntiSpamSetting_AutoInsertUnsubscribeLink>false</AntiSpamSetting_AutoInsertUnsubscribeLink>
  <AntiSpamSetting_Discrete>false</AntiSpamSetting_Discrete>
  <AntiSpamSetting_DiscreteLevel>10</AntiSpamSetting_DiscreteLevel>
  <AntiSpamSetting_HideAutoInsertStr>false</AntiSpamSetting_HideAutoInsertStr>
  <AntiSpamSetting_LocalTextFilePath />
  <AntiSpamSetting_ProcessingDanger>false</AntiSpamSetting_ProcessingDanger>
  <AntiSpamSetting_SimpTradConvert>true</AntiSpamSetting_SimpTradConvert>
  <AntiSpamSetting_SimpTradConvertLevel>7</AntiSpamSetting_SimpTradConvertLevel>
  <AntiSpamSetting_Translation>false</AntiSpamSetting_Translation>
  <ChangeIP_AccessType>0</ChangeIP_AccessType>
  <ChangeIP_ADSL_Name />
  <ChangeIP_ADSL_Password>fdsfsd</ChangeIP_ADSL_Password>
  <ChangeIP_ADSL_UserName>fddsf</ChangeIP_ADSL_UserName>
  <ChangeIP_AutoChangeIP>false</ChangeIP_AutoChangeIP>
  <ChangeIP_LoginNum>40</ChangeIP_LoginNum>
  <ChangeIP_Router_Address>192.168.1.1</ChangeIP_Router_Address>
  <ChangeIP_Router_Model />
  <ChangeIP_Router_Password>admin</ChangeIP_Router_Password>
  <ChangeIP_Router_UserName>admin</ChangeIP_Router_UserName>
  <IP>47.89.176.167</IP>
  <IsProxy>false</IsProxy>
  <MailList_Mode>0</MailList_Mode>
  <Other_Shutdown_Time>1970-01-01T00:05:00</Other_Shutdown_Time>
  <Port>808</Port>
  <SendSetting_AccountMaxSendNum>400</SendSetting_AccountMaxSendNum>
  <SendSetting_BCCNum>0</SendSetting_BCCNum>
  <SendSetting_CCNum>0</SendSetting_CCNum>
  <SendSetting_CheckQQOnline>true</SendSetting_CheckQQOnline>
  <SendSetting_picTec_chk>true</SendSetting_picTec_chk>
  <SendSetting_vedioTec_chk>false</SendSetting_vedioTec_chk>
  <SendSetting_ContinuousDelay>1</SendSetting_ContinuousDelay>
  <SendSetting_ContinuousNum>5</SendSetting_ContinuousNum>
  <SendSetting_ContinuousSendNum>1</SendSetting_ContinuousSendNum>
  <SendSetting_SendThreadNumbers>2</SendSetting_SendThreadNumbers>
  <SendSetting_ReplyAddress />
  <SendSetting_SendDelay>20</SendSetting_SendDelay>
  <SendSetting_SendMode>1</SendSetting_SendMode>
  <SendSetting_SendName_Custom>#{姓名}</SendSetting_SendName_Custom>
  <SendSetting_SendName_Mode>3</SendSetting_SendName_Mode>
  <SendSetting_ToNum>10</SendSetting_ToNum>
  <VCode_Mode>0</VCode_Mode>
  <VCode_Password />
  <VCode_Password2 />
  <VCode_UserName />
  <VCode_UserName2 />
</TSetting>