﻿<?xml version="1.0" encoding="utf-8"?>
<ArrayOfString xmlns:xsi="http://www.w3.org/2001/XMLSchema-instance" xmlns:xsd="http://www.w3.org/2001/XMLSchema">
  <string>111</string>
  <string>请输入词条内容</string>
  <string>⊙●</string>
  <string>○①</string>
  <string>⊕◎Θ</string>
  <string>⊙¤</string>
  <string>㊣</string>
  <string>★☆</string>
  <string>♀</string>
  <string>◆</string>
  <string>◇</string>
  <string>◣</string>
  <string>◢</string>
  <string>◥</string>
  <string>▲▼</string>
  <string>△</string>
  <string>▽</string>
  <string>⊿◤</string>
  <string>◥</string>
  <string>▂</string>
  <string>▃</string>
  <string>▄</string>
  <string>▅</string>
  <string>▆</string>
  <string>▇</string>
  <string>█</string>
  <string>█</string>
  <string>■</string>
  <string>▓</string>
  <string>回</string>
  <string>□</string>
  <string>〓≡</string>
  <string>╝╚╔</string>
  <string>╗╬</string>
  <string>═</string>
  <string>╓</string>
  <string>╩</string>
  <string>┠</string>
  <string>┨┯</string>
  <string>┷┏</string>
  <string>┓┗</string>
  <string>┛┳⊥﹃﹄┌</string>
  <string>┐└</string>
  <string>┘∟「」↑↓→←↘↙♀♂┇┅</string>
  <string>﹉﹊﹍﹎╭</string>
  <string>╮╰</string>
  <string>╯</string>
  <string>*^_^*</string>
  <string>^*^</string>
  <string>^-^</string>
  <string>^_^</string>
  <string>^︵^</string>
  <string>∵∴‖︱</string>
  <string>︳︴﹏﹋﹌︵︶︹︺</string>
  <string>【】〖〗＠﹕﹗/</string>
  <string>"</string>
  <string>_</string>
  <string>&lt;</string>
  <string>&gt;</string>
  <string>`,·。≈{}~</string>
  <string>～()</string>
  <string>_</string>
  <string>-『』√</string>
  <string>$</string>
  <string>@</string>
  <string>*</string>
  <string>&amp;</string>
  <string>#</string>
  <string>※</string>
  <string>卐</string>
  <string>々∞Ψ</string>
  <string>∪∩∈∏</string>
  <string>の</string>
  <string>℡</string>
  <string>ぁ</string>
  <string>§∮〝〞ミ灬ξ№∑⌒ξζω＊ㄨ</string>
  <string>≮≯</string>
  <string>＋－×÷﹢﹣±／＝∫∮∝</string>
  <string>∞</string>
  <string>∧∨</string>
  <string>∑</string>
  <string>∏</string>
  <string>∥∠</string>
  <string>≌</string>
  <string>∽</string>
  <string>≦</string>
  <string>≧</string>
  <string>≒﹤﹥じ☆ve</string>
  <string>ve↑</string>
  <string>↓⊙</string>
  <string>●★☆</string>
  <string>■♀</string>
  <string>『』</string>
  <string>※◤</string>
  <string>◥</string>
  <string>→№←</string>
  <string>㊣∑⌒</string>
  <string>〖〗＠ξζω□∮〓※∴ぷ▂▃▅▆█</string>
  <string>∏卐【】△</string>
  <string>√</string>
  <string>∩¤々♀♂∞①</string>
  <string>ㄨ≡↘↙▂</string>
  <string>▂</string>
  <string>▃</string>
  <string>▄</string>
  <string>▅</string>
  <string>▆</string>
  <string>▇</string>
  <string>█┗┛╰☆</string>
  <string>ˉˇ</string>
  <string>¨</string>
  <string>〃々—～‖…‘’</string>
  <string>“”〔〕〈</string>
  <string>〉《》「</string>
  <string>〗【】±＋</string>
  <string>－×÷∧∨∑∏∪∩∈√</string>
  <string>⊥∥</string>
  <string>∠⌒⊙∫</string>
  <string>∮≡≌≈∽∝</string>
  <string>≠≮≯≤≥∞∶∵∴</string>
  <string>∷♂♀</string>
  <string>°′″℃＄¤</string>
  <string>￠￡‰§№☆</string>
  <string>★〇○●◎◇◆</string>
  <string>回□■△▽⊿▲▼◣◤◢◥▁</string>
  <string>▃</string>
  <string>▄</string>
  <string>▅▆▇█▉▊</string>
  <string>▌▍</string>
  <string>▎▏▓※→←↑↓↖↗↘</string>
  <string>↙〓ⅰⅱⅲⅳⅴ</string>
  <string>ⅵⅶⅷⅸⅹ①②</string>
  <string>③④⑤⑥⑦⑧⑨⑩⒈⒉⒊⒋</string>
  <string>⒌⒍⒎</string>
  <string>⒏</string>
  <string>⒒⒓⒔</string>
  <string>⒕⒖⒗⒘</string>
  <string>⒙⒚⒛⑴⑵⑶⑷</string>
  <string>⑸⑹⑺⑻⑼⑽⑾</string>
  <string>⑿⒀⒁⒂⒃⒄⒅⒆⒇㈠㈡㈢㈣</string>
  <string>㈤㈥㈦㈧㈨</string>
  <string>㈩ⅠⅡⅢⅣⅤⅥⅦⅧⅨ</string>
  <string>ⅩⅪⅫ！＂</string>
  <string>＃￥％＆＇（）＊＋，－．</string>
  <string>／０１２</string>
  <string>３４</string>
  <string>５</string>
  <string>６７８９：；＜＝＞</string>
  <string>？＠Ａ</string>
  <string>ＢＣＤＥＦＧＨ</string>
  <string>ＩＪ</string>
  <string>ＫＬ</string>
  <string>ＭＮＯＰＱＲ</string>
  <string>ＳＴＵＶＷＸＹＺ［＼］＾＿｀ａｂｃｄｅｆｇ</string>
  <string>ｈｉｊｋｌｍｎｏｐ</string>
  <string>ｑｒｓｔｕｖｗｘｙ</string>
  <string>ｚ｛｜｝ぁあぃいぅうぇえぉおかがきぎ</string>
  <string>くぐけげ</string>
  <string>しじすず</string>
  <string>ぜ</string>
  <string>ぼぽまみむめもゃ</string>
  <string>やゅゆ</string>
  <string>ケゲコゴ</string>
  <string>サ</string>
  <string>ザシジ</string>
  <string>スズセゼソゾタダチヂッツヅテデトド</string>
  <string>ナ</string>
  <string>ニヌネノハバ</string>
  <string>パヒビピフブプヘ</string>
  <string>ベペ</string>
  <string>ホボ</string>
  <string>ポマ</string>
  <string>ミムメモャヤ</string>
  <string>ュユ</string>
  <string>ΛΜΝΞ</string>
  <string>ΟΠΡΣΤ</string>
  <string>ΥΦΧΨΩ</string>
  <string>αβγδεζηθ</string>
  <string>ικλμνξοπρ</string>
  <string>στυφχψω︵</string>
  <string>︶︹︺︿</string>
  <string>︼︷︸АБВГДЕЁЖЗИЙКЛМНОПРСТУ</string>
  <string>ㄇㄈㄉ</string>
  <string>ㄊㄋㄌㄍㄎㄏㄐㄑ</string>
  <string>ㄒㄓㄔㄕㄖㄗㄘㄙ</string>
  <string>ㄚㄛㄜㄝㄞ</string>
  <string>ㄠㄡㄢㄣ</string>
  <string>ㄤㄥㄦㄧㄨㄩ︱︳</string>
  <string>︴﹏﹋﹌─━│┃┄┅┆┇┈┉┊┋┌┍┎┏┐┑┒┓└┕┖┗┘┙┚┛├</string>
  <string>┝┞┟┠┡┢┣┤┥┦┧┨┩┪┫┬┭┮┯┰┱┲┳┴┵┶┷┸┹┺┻┼┽┾┿╀╁╂╃╄╅╆╇</string>
  <string>╈╉╊╋⊕㊣㈱曱甴囍∟┅﹊﹍╭</string>
  <string>╮╰</string>
  <string>╯</string>
  <string>_</string>
  <string>^︵^﹕﹗/\</string>
  <string>"</string>
  <string>&lt;</string>
  <string>&gt;</string>
  <string>`,·。{}~～()</string>
  <string>-√</string>
  <string>$</string>
  <string>@</string>
  <string>*</string>
  <string>&amp;</string>
  <string>#</string>
  <string>卐℡</string>
  <string>ぁ</string>
  <string>〝</string>
  <string>〞</string>
  <string>ミ</string>
  <string>灬</string>
  <string>№</string>
  <string>＊</string>
  <string></string>
  <string>ㄨ≮≯</string>
  <string>﹢</string>
  <string>﹣</string>
  <string>／∝</string>
  <string>≌∽≦≧</string>
  <string>≒</string>
  <string>﹤</string>
  <string>﹥じ</string>
  <string>ぷ</string>
  <string>┗┛￥</string>
  <string>￡§</string>
  <string>я-―‥…‰′″℅</string>
  <string>℉№℡</string>
  <string>∕∝∣═║</string>
  <string>╒╓</string>
  <string>╔╕</string>
  <string>╖╗╘</string>
  <string>╙</string>
  <string>╚╛</string>
  <string>╜</string>
  <string>╝╞</string>
  <string>╟╠</string>
  <string>╡╢</string>
  <string>╣</string>
  <string>╤╥</string>
  <string>╦╧</string>
  <string>╨</string>
  <string>╩╪╫</string>
  <string>╬╱╲</string>
  <string>╳▔▕〆</string>
  <string>〒〡</string>
  <string>〢</string>
  <string>〣〤</string>
  <string>〥</string>
  <string>〦</string>
  <string>〧</string>
  <string>〨〩</string>
  <string>㎎</string>
  <string>㎏</string>
  <string>㎜</string>
  <string>㎝</string>
  <string>㎞</string>
  <string>㎡</string>
  <string>㏄</string>
  <string>㏎㏑</string>
  <string>㏒</string>
  <string>㏕</string>
  <string></string>
  <string></string>
  <string></string>
  <string></string>
  <string></string>
  <string></string>
  <string></string>
  <string></string>
  <string></string>
  <string></string>
  <string></string>
  <string></string>
  <string>兀︰</string>
  <string>Ⅰ</string>
  <string>Ⅱ</string>
  <string>Ⅲ</string>
  <string>Ⅳ</string>
  <string>Ⅴ</string>
  <string>Ⅵ</string>
  <string>Ⅶ</string>
  <string>Ⅷ</string>
  <string>Ⅸ</string>
  <string>Ⅹ</string>
  <string>Ⅺ</string>
  <string>Ⅻ</string>
  <string>ⅰ</string>
  <string>ⅱ</string>
  <string>ⅲ</string>
  <string>ⅳ</string>
  <string>ⅴ</string>
  <string>ⅵ</string>
  <string>ⅶ</string>
  <string>ⅷ</string>
  <string>ⅸ</string>
  <string>ⅹ</string>
  <string>??????????</string>
  <string>??????</string>
  <string>?????</string>
  <string>?</string>
  <string>??????</string>
  <string>??????</string>
  <string>??</string>
  <string>?</string>
  <string>?</string>
  <string>?</string>
  <string>?</string>
  <string>?</string>
  <string>?</string>
  <string>?</string>
  <string>?</string>
  <string>?</string>
  <string>?</string>
  <string>?</string>
  <string>?</string>
  <string>?</string>
  <string>?</string>
  <string>?</string>
  <string>?</string>
  <string>?</string>
  <string>+-</string>
  <string>×÷</string>
  <string>﹢﹣</string>
  <string>±/</string>
  <string>=</string>
  <string>∥∠</string>
  <string>≌</string>
  <string>∽</string>
  <string>≦</string>
  <string>≧</string>
  <string>≒﹤﹥</string>
  <string>≈</string>
  <string>≡</string>
  <string>≠</string>
  <string>=</string>
  <string>≤</string>
  <string>≥</string>
  <string>&lt;</string>
  <string>&gt;</string>
  <string>≮</string>
  <string>≯</string>
  <string>∷</string>
  <string>∶</string>
  <string>∫∮</string>
  <string>∝</string>
  <string>∞</string>
  <string>∧</string>
  <string>∨</string>
  <string>∑</string>
  <string>∏</string>
  <string>∪</string>
  <string>∩</string>
  <string>∈</string>
  <string>∵</string>
  <string>∴</string>
  <string>⊥</string>
  <string>∥</string>
  <string>∠</string>
  <string>⌒</string>
  <string>⊙</string>
  <string>√</string>
  <string>∟⊿</string>
  <string>㏒</string>
  <string>㏑</string>
  <string>%</string>
  <string>‰.。</string>
  <string>，</string>
  <string>、</string>
  <string>;</string>
  <string>：</string>
  <string>ˉˇ</string>
  <string>¨</string>
  <string>`~</string>
  <string>々</string>
  <string>～‖∶</string>
  <string>"'</string>
  <string>`|·</string>
  <string>…</string>
  <string>—</string>
  <string>～</string>
  <string>-</string>
  <string>〃</string>
  <string>‘’“</string>
  <string>”〝</string>
  <string>〞｝</string>
  <string>︻</string>
  <string>︼</string>
  <string>﹄</string>
  <string>﹃</string>
  <string>℡</string>
  <string>%</string>
  <string>‰</string>
  <string>￡</string>
  <string>￥</string>
  <string>￠</string>
  <string>♂</string>
  <string>♀℅</string>
</ArrayOfString>